,MAE,MSE,RMSE,MAPE(%),R2
LSTM,0.6399103403091431,0.6092565059661865,0.7805488491863828,0.994912326335907,0.6865617632865906
GRU,0.3449570834636688,0.19974391162395477,0.4469271882800987,0.5387634634971619,0.8972396850585938
Transformer,0.7792894840240479,0.9200895428657532,0.9592129809722933,1.2120602130889893,0.5266505479812622
